{ 
    "0": [ 3902362.985503368, 3934249.120848965, 3928276.723441487 ], 
    "1": [ 3970152.242900715, 3928390.101281404, 4047478.154316339, 4094149.29852689 ], 
    "2": [ 3991750.7162289093, 3986565.8310237415, 3915105.318784196, 3944170.30471905, 3916104.9358356325, 3913751.676778015 ], 
    "3": [ 4036569.781278129, 3901956.4421401937, 3914806.3893570923, 3975058.66925618, 4025354.502265439, 4046695.70382981, 3948896.115114461, 3967432.677017355, 3972786.502538944, 4028676.323802694, 3954248.093665716, 3968840.2866878556, 3932186.5110706, 3909137.166810365, 4050055.9028438563, 3905135.1739298864, 3939019.2854887615 ], 
    "4": [ 3909213.5251572398, 3951340.9415045665, 4043541.343857087, 4043785.434413863, 3982138.6572251962, 4047036.256220301, 4045922.28735787, 3961517.9687618236, 3948552.897045439, 3975617.155492225, 3926756.444751286, 3978899.883301143, 3917864.3080876186, 3924673.0007631653, 4033292.5133667733, 3979615.9198098574, 3968092.4663325283, 3908148.953855268, 3970603.670335557, 3924577.981259036, 3951398.457471805, 3906657.201492408, 4008299.300323247, 3978458.4729709006, 3985026.037761981, 4032482.733183472, 3916723.5937412363, 3978945.924419124, 4087993.0372708384, 3976850.5913166017, 3978739.442404263, 3935754.761227896, 4037598.3451621006, 3976982.54123164, 4002654.42315131, 3951914.889760188, 3994515.2327910415, 3972632.554233516 ], 
    "5": [ 3972820.3267690297, 3924176.0440578638, 3931313.068212579, 3936270.96688449, 3999190.5677098795, 3966147.2903124336, 4025804.58643619, 4020750.6311754617, 4046057.5671285484, 4004878.6189789153, 3985843.4471118473, 4044693.1363775097, 3903879.257265482, 4042928.493234681, 3978489.399242952, 3909781.403836024, 3911889.706014546, 4087534.5172063364, 3937545.1369786845, 3978365.511279543, 4066758.181294184, 4013172.5499484935, 4010793.1041331636, 4010726.9812847115, 4031793.3937237556, 4009940.937446272, 3928661.740296032, 3984989.649661569, 3908578.9237363692, 4091346.4971359423, 3959316.882038348, 4085402.7599953446, 4028185.2426349605, 3947689.4125198247, 4094799.955152796, 4000657.116247689, 4005919.078253517, 3990325.2178285234, 3984409.47243204, 3929624.4746121783, 3903641.65817198, 3980291.7020038315, 4077660.2009249427, 4037219.410334763, 3982755.7170726336, 3952317.684251076, 3978945.0477635167, 3906609.076085569, 3935152.6261521205, 3992582.436249075 ], 
    "6": [ 4077206.78901675, 3916506.635857714, 4098979.924788218, 4020759.6320539126, 3995467.3299163254, 3948429.722596004, 3916896.2036396307, 4041092.7864443483, 3999413.83248092, 4085960.7721376084, 3905118.6143996823, 3914641.4349254444, 3942672.2297479864, 4013093.597904822, 3968338.9305994883, 3967843.375112185, 3954875.538954161, 3955862.0471696453, 3923863.1312544756, 3935627.960283848, 4028554.9730452574, 4079227.4535135953, 4032702.2754748436, 3987699.929695677, 3926034.5298599107, 4049561.4243679647, 3903605.0660687773, 4077169.1057000565, 3926269.052084221, 4057798.1863759304, 3972465.787447543, 3966813.1539498996, 3922895.664998516, 4077741.9314995375, 4024596.4879255258, 3947561.1542851278, 3957712.4033941915, 3941406.1854401594, 4006940.7822284144, 3997449.0067394534, 4020426.812440621, 3998093.637412382, 3904054.499812202, 4031103.22800027, 3978195.641470121, 3969343.578611808, 3987426.1228231112 ], 
    "7": [ 3948138.3714396385, 4080908.6159917945, 4026137.61513075, 3987775.5699855653, 3949749.16450703, 3998363.344564466, 3915288.867381579, 3972880.854255984, 3942219.165209641, 4090233.162091981, 3930038.1425668285, 3971699.934152485, 4056307.889591774, 3932884.5546805807, 4037061.2382199764, 4028110.029627083, 3954962.612931942, 4024993.7651924677, 3948950.532882173, 4050386.2484439122, 3994357.1135715586, 3996997.89867506, 3955446.0338557567, 3976868.1035844996, 4042229.9191025347, 3900826.547560714, 3978514.8623771486, 4048035.1236945465, 3966209.6545867953, 4021043.186957168, 3976462.970040535, 4074388.720014157, 3917063.528649503, 4072989.941088714, 3974459.805815679, 4007866.069266409, 4068329.8607770195, 4081921.2959939917, 3901720.999769049, 4061803.4501409233, 3985410.8300513793, 3932544.6061608433, 3991352.3751990986, 3981398.8437880566, 4094740.440439418, 3927219.880735806, 3931609.120245787, 4036388.2903243536, 3979505.3138144035, 4037977.3467240348, 3902480.379346576, 3901638.3118751724, 4037683.560776167, 3929117.8471470135, 4078625.5883783884, 4038864.8374268827, 4079099.1292905896, 3920817.0659295334, 3999462.208570304, 4062689.5756456587, 3935860.7812731736, 4038263.5010655276, 3991184.024477072, 3935522.2782409275, 3917230.279295909, 3928004.8210201403, 3915905.0390112596, 3991933.9752241503, 3967749.4793638648, 3918352.1016836464, 4006394.065438648, 3969653.2818977316, 3972162.0813481845, 4046384.3318338026 ], 
    "8": [ 3988207.5648286734, 4081875.355604033, 3918177.665945676, 3971746.6203213185, 4088523.413688975, 3996042.6310381866, 4003888.3038177066, 4094061.8585282215, 4090926.766714801, 3930806.406880106, 4063519.2021917733, 3960624.4466541647, 3948802.0783793936, 3967231.99988788, 4044276.172930685, 3958255.3638238013, 3926816.2527050585, 4087061.5964664146, 3940535.727177274, 4020680.8472397076, 4041808.9533002176, 4019571.814962768, 4015988.040578647, 3974417.696419107, 4097229.8570248857, 4039124.133979248, 3990399.13397668, 3967298.5972647616, 4081056.224787734, 4060693.799840457, 3968035.1416978166, 4023600.4029958593, 4063157.726956603, 3976812.3474954246, 4035133.214255644, 4014142.337296986, 3992001.7764586434, 4093960.409227451, 4026688.0137138935, 3915416.949931584, 4066730.609601035, 3948814.748430948, 3962346.5108527374, 3948538.826894617, 3960688.687300912, 3954076.955730876, 4071070.886273086, 3994773.8666718327, 4054983.7721322337, 4037924.570746941, 3949081.386778561, 3988486.7960244766, 3980918.2415124145, 4047933.2160266596, 3935679.488208585, 3937655.91703352, 3929667.8665720797, 4005481.362222864, 3943318.1880474887, 4041580.583940684, 3979550.8609295604, 4080772.3857848756, 3913643.893463544, 4060406.524156245, 3949009.034080774, 4005674.757487262, 4007246.8835464953, 4040168.0201106253, 4032624.5139861195, 4023168.1897286335, 4008086.9577909918, 4028278.972908042, 3931298.584772421, 3949292.5789700355, 3948250.129435643, 3979761.643872255, 4053750.161086698, 3957437.8034134866, 4067386.027935819, 4051880.072890731, 4080193.054310615 ], 
    "9": [ 3999063.6935475497, 3950809.531593461, 4080925.4723437107, 4041238.1166769834, 4071862.561755651, 3978082.6993371174, 4014778.360087458, 4046434.5172687694, 4066091.4835898005, 3942464.4777868907, 3914932.054880613, 3996450.02682515, 4070208.4679217143, 4019228.782603977, 3986756.2605942963, 4089230.2676858646, 3904624.557327308, 3941731.553035412, 4052869.2799521997, 4003648.7000438296, 4057385.0777175995, 3921859.9356115316, 4000645.1325888154, 4079167.1844392437, 4083069.7223456274, 4038713.156174798, 3966913.642663743, 3962500.1481242045, 4071962.787660246, 4040155.1719621476, 4019718.0967766116, 3956203.072058945, 3976677.2284295256, 3922368.331523282, 4018207.715765352, 3946338.781084975, 4003441.253272219, 4093588.30910307, 3959401.2861443986, 4088002.0799673726, 3949775.3815286173, 4035492.2370000365, 4039033.71213371, 4004827.713634825, 3956751.6859672572, 3960824.9914098233, 4020014.6292292173, 4033409.5050613745, 4076845.1297256253, 3984739.6062136875, 4064480.571733384, 3954402.4137851135, 4036467.9797286, 3966377.3154483964, 4031583.261086768, 4026719.113231255, 4086723.0300489026, 4066229.4610897424, 3989452.4731890187, 4078185.751025477, 4048495.9728758056, 4017765.4667825326, 4038852.2869797517, 4023273.7454470783, 3992418.7941280026, 4044485.1987396423, 4087586.145416473, 4021115.6644910006, 3922416.5702262796, 3923900.17103264, 4093626.680355532, 3923413.181307492, 3984160.0722494195, 3943999.2058607647, 4066863.4700589264, 3963312.266078985, 3982286.925164658, 4031585.2457590885, 4079761.89948095, 3921680.3742499393, 4071803.3871745714 ],